Comment,Designator,Footprint,LCSC
"1uF","C1,C2,C13,C14,C15,C16","Capacitor_SMD:C_0402_1005Metric","C52923"
"100nF","C3,C4,C5,C6,C11,C12,C17,C18,C19,C20,C21,C22,C23,C24,C25,C26,C27,C28,C29,C30","Capacitor_SMD:C_0402_1005Metric","C1525"
"8pF","C7,C8,C9,C10","Capacitor_SMD:C_0402_1005Metric"," C26408 "
"LED","D1,D2,D3,D4,D5,D6,D7,D8,D9,D10,D11,D12,D13,D14,D15,D16","LED_SMD:LED_0603_1608Metric","C2290"
"USB_C_Receptacle_USB2.0","J1","Connector_USB:USB_C_Receptacle_HRO_TYPE-C-31-M-12","C167321"
"Conn_01x04","J2,J3","Connector_PinHeader_2.54mm:PinHeader_1x04_P2.54mm_Vertical","DNP"
"Conn_02x06_Odd_Even","J4","Connector_PinHeader_2.54mm:PinHeader_2x06_P2.54mm_Vertical","DNP"
"5.1k","R1,R2","Resistor_SMD:R_0402_1005Metric","C25905"
"27R","R3,R4,R5,R6","Resistor_SMD:R_0402_1005Metric","C25100"
"10k","R7,R8,R11,R12","Resistor_SMD:R_0402_1005Metric","C25744"
"1k","R9,R10,R13,R14,R15,R16,R17,R18,R19,R20,R21,R22,R23,R24,R25,R26,R27,R28,R29,R30","Resistor_SMD:R_0402_1005Metric","C11702"
"SW_Push","SW1,SW2,SW3,SW4","Button_Switch_SMD:SW_SPST_TL3305A","C92581"
"TLV70233_SOT23-5","U1","Package_TO_SOT_SMD:SOT-23-5","C51282"
"W25Q32JV","U2,U3","Package_SO:SOIC-8_5.23x5.23mm_P1.27mm","C97521"
"RP2040","U4,U5","RP2040_minimal:RP2040-QFN-56","C2040"
"Crystal_GND24","Y1,Y2","Crystal:Crystal_SMD_3225-4Pin_3.2x2.5mm","C93114"